city,latitude,longitude,datetime,date,openweather_aqi,co,no,no2,o3,so2,pm2_5,pm10,nh3,collected_at
Karachi,24.8607,67.0011,2026-08-16 17:00:00+05:00,2026-08-16,3,67.26,0.01,0.06,46.37,0.43,17.63,82.61,0,2026-08-16T17:37:05.939457
Karachi,24.8607,67.0011,2026-08-16 18:00:00+05:00,2026-08-16,3,67.08,0.0,0.07,46.72,0.45,17.82,84.03,0,2026-08-16T17:37:05.939457
Karachi,24.8607,67.0011,2026-08-16 19:00:00+05:00,2026-08-16,3,67.19,0.0,0.08,46.85,0.46,17.91,84.88,0,2026-08-16T17:37:05.939457
Karachi,24.8607,67.0011,2026-08-16 20:00:00+05:00,2026-08-16,3,67.34,0.0,0.08,46.84,0.46,18.1,85.82,0,2026-08-16T17:37:05.939457
Karachi,24.8607,67.0011,2026-08-16 21:00:00+05:00,2026-08-16,3,67.39,0.0,0.08,46.65,0.47,18.41,87.03,0,2026-08-16T17:37:05.939457
Karachi,24.8607,67.0011,2026-08-16 22:00:00+05:00,2026-08-16,3,67.4,0.0,0.08,46.48,0.48,18.84,88.72,0,2026-08-16T17:37:05.939457
Karachi,24.8607,67.0011,2026-08-16 23:00:00+05:00,2026-08-16,3,67.78,0.0,0.08,46.49,0.48,19.24,90.29,0,2026-08-16T17:37:05.939457
Karachi,24.8607,67.0011,2026-08-17 00:00:00+05:00,2026-08-17,3,68.17,0.0,0.08,46.42,0.48,19.49,91.55,0,2026-08-16T17:37:05.939457
Karachi,24.8607,67.0011,2026-08-17 01:00:00+05:00,2026-08-17,3,68.97,0.0,0.08,46.2,0.48,19.84,93.41,0,2026-08-16T17:37:05.939457
Karachi,24.8607,67.0011,2026-08-17 02:00:00+05:00,2026-08-17,3,69.46,0.0,0.09,45.87,0.49,20.31,95.54,0,2026-08-16T17:37:05.939457
Karachi,24.8607,67.0011,2026-08-17 03:00:00+05:00,2026-08-17,3,69.89,0.0,0.09,45.46,0.49,20.67,95.62,0,2026-08-16T17:37:05.939457
Karachi,24.8607,67.0011,2026-08-17 04:00:00+05:00,2026-08-17,3,70.14,0.0,0.09,45.2,0.49,20.88,94.86,0,2026-08-16T17:37:05.939457
Karachi,24.8607,67.0011,2026-08-17 05:00:00+05:00,2026-08-17,3,70.42,0.0,0.09,45.27,0.49,21.02,93.95,0,2026-08-16T17:37:05.939457
Karachi,24.8607,67.0011,2026-08-17 06:00:00+05:00,2026-08-17,3,70.78,0.0,0.09,45.5,0.49,21.18,94.15,0,2026-08-16T17:37:05.939457
Karachi,24.8607,67.0011,2026-08-17 07:00:00+05:00,2026-08-17,3,71.06,0.0,0.1,45.87,0.49,21.15,93.96,0,2026-08-16T17:37:05.939457
Karachi,24.8607,67.0011,2026-08-17 08:00:00+05:00,2026-08-17,3,71.25,0.0,0.1,46.16,0.48,20.9,92.47,0,2026-08-16T17:37:05.939457
Karachi,24.8607,67.0011,2026-08-17 09:00:00+05:00,2026-08-17,3,71.18,0.01,0.09,46.18,0.48,20.58,90.81,0,2026-08-16T17:37:05.939457
Karachi,24.8607,67.0011,2026-08-17 10:00:00+05:00,2026-08-17,3,71.12,0.01,0.08,45.89,0.48,20.38,89.9,0,2026-08-16T17:37:05.939457
Karachi,24.8607,67.0011,2026-08-17 11:00:00+05:00,2026-08-17,3,70.94,0.01,0.07,45.28,0.48,20.3,89.66,0,2026-08-16T17:37:05.939457
Karachi,24.8607,67.0011,2026-08-17 12:00:00+05:00,2026-08-17,3,70.74,0.01,0.07,44.34,0.47,20.16,89.41,0,2026-08-16T17:37:05.939457
Karachi,24.8607,67.0011,2026-08-17 13:00:00+05:00,2026-08-17,3,70.34,0.01,0.07,43.09,0.48,19.87,88.28,0,2026-08-16T17:37:05.939457
Karachi,24.8607,67.0011,2026-08-17 14:00:00+05:00,2026-08-17,3,70.17,0.01,0.07,41.67,0.48,19.47,86.69,0,2026-08-16T17:37:05.939457
Karachi,24.8607,67.0011,2026-08-17 15:00:00+05:00,2026-08-17,3,70.14,0.01,0.07,40.45,0.49,19.18,85.38,0,2026-08-16T17:37:05.939457
Karachi,24.8607,67.0011,2026-08-17 16:00:00+05:00,2026-08-17,3,70.41,0.01,0.07,39.43,0.49,18.92,83.93,0,2026-08-16T17:37:05.939457
Karachi,24.8607,67.0011,2026-08-17 17:00:00+05:00,2026-08-17,3,70.79,0.01,0.07,38.65,0.49,19.14,84.36,0,2026-08-16T17:37:05.939457
Karachi,24.8607,67.0011,2026-08-17 18:00:00+05:00,2026-08-17,3,71.38,0.01,0.08,38.01,0.5,19.87,87.05,0,2026-08-16T17:37:05.939457
Karachi,24.8607,67.0011,2026-08-17 19:00:00+05:00,2026-08-17,3,71.57,0.0,0.1,37.55,0.52,20.63,89.68,0,2026-08-16T17:37:05.939457
Karachi,24.8607,67.0011,2026-08-17 20:00:00+05:00,2026-08-17,3,71.93,0.0,0.1,37.42,0.53,21.1,91.04,0,2026-08-16T17:37:05.939457
Karachi,24.8607,67.0011,2026-08-17 21:00:00+05:00,2026-08-17,3,72.17,0.0,0.1,37.65,0.53,21.31,91.19,0,2026-08-16T17:37:05.939457
Karachi,24.8607,67.0011,2026-08-17 22:00:00+05:00,2026-08-17,3,72.52,0.0,0.11,38.13,0.54,21.51,91.33,0,2026-08-16T17:37:05.939457
Karachi,24.8607,67.0011,2026-08-17 23:00:00+05:00,2026-08-17,3,72.69,0.0,0.11,38.68,0.54,21.85,91.71,0,2026-08-16T17:37:05.939457
Karachi,24.8607,67.0011,2026-08-18 00:00:00+05:00,2026-08-18,3,72.82,0.0,0.12,39.08,0.55,22.19,91.55,0,2026-08-16T17:37:05.939457
Karachi,24.8607,67.0011,2026-08-18 01:00:00+05:00,2026-08-18,3,73.14,0.0,0.12,39.32,0.55,22.57,91.85,0,2026-08-16T17:37:05.939457
Karachi,24.8607,67.0011,2026-08-18 02:00:00+05:00,2026-08-18,3,73.3,0.0,0.12,39.19,0.55,22.82,92.28,0,2026-08-16T17:37:05.939457
Karachi,24.8607,67.0011,2026-08-18 03:00:00+05:00,2026-08-18,3,73.24,0.0,0.12,38.7,0.55,22.88,93.03,0,2026-08-16T17:37:05.939457
Karachi,24.8607,67.0011,2026-08-18 04:00:00+05:00,2026-08-18,3,72.92,0.0,0.12,37.93,0.54,22.64,92.22,0,2026-08-16T17:37:05.939457
Karachi,24.8607,67.0011,2026-08-18 05:00:00+05:00,2026-08-18,3,72.52,0.0,0.12,36.94,0.53,21.89,88.25,0,2026-08-16T17:37:05.939457
Karachi,24.8607,67.0011,2026-08-18 06:00:00+05:00,2026-08-18,3,72.24,0.0,0.12,36.19,0.51,20.73,83.44,0,2026-08-16T17:37:05.939457
Karachi,24.8607,67.0011,2026-08-18 07:00:00+05:00,2026-08-18,3,72.24,0.0,0.12,35.71,0.5,19.52,79.37,0,2026-08-16T17:37:05.939457
Karachi,24.8607,67.0011,2026-08-18 08:00:00+05:00,2026-08-18,3,72.33,0.01,0.12,35.44,0.5,18.68,76.56,0,2026-08-16T17:37:05.939457
Karachi,24.8607,67.0011,2026-08-18 09:00:00+05:00,2026-08-18,3,72.21,0.01,0.11,35.24,0.49,18.44,75.28,0,2026-08-16T17:37:05.939457
Karachi,24.8607,67.0011,2026-08-18 10:00:00+05:00,2026-08-18,3,72.2,0.02,0.1,34.96,0.49,18.62,75.39,0,2026-08-16T17:37:05.939457
Karachi,24.8607,67.0011,2026-08-18 11:00:00+05:00,2026-08-18,3,71.99,0.02,0.08,34.63,0.5,18.87,76.21,0,2026-08-16T17:37:05.939457
Karachi,24.8607,67.0011,2026-08-18 12:00:00+05:00,2026-08-18,3,71.63,0.02,0.07,34.1,0.5,19.21,78.26,0,2026-08-16T17:37:05.939457
Karachi,24.8607,67.0011,2026-08-18 13:00:00+05:00,2026-08-18,3,71.38,0.02,0.07,33.47,0.51,19.79,81.67,0,2026-08-16T17:37:05.939457
Karachi,24.8607,67.0011,2026-08-18 14:00:00+05:00,2026-08-18,3,71.38,0.02,0.06,32.93,0.52,20.34,84.89,0,2026-08-16T17:37:05.939457
Karachi,24.8607,67.0011,2026-08-18 15:00:00+05:00,2026-08-18,3,71.52,0.01,0.06,32.7,0.53,20.79,87.37,0,2026-08-16T17:37:05.939457
Karachi,24.8607,67.0011,2026-08-18 16:00:00+05:00,2026-08-18,3,71.48,0.01,0.07,32.44,0.53,21.06,88.97,0,2026-08-16T17:37:05.939457
Karachi,24.8607,67.0011,2026-08-18 17:00:00+05:00,2026-08-18,3,71.21,0.01,0.08,32.21,0.54,21.26,90.13,0,2026-08-16T17:37:05.939457
Karachi,24.8607,67.0011,2026-08-18 18:00:00+05:00,2026-08-18,3,71.06,0.01,0.09,32.23,0.54,21.32,90.68,0,2026-08-16T17:37:05.939457
Karachi,24.8607,67.0011,2026-08-18 19:00:00+05:00,2026-08-18,3,71.0,0.0,0.11,32.29,0.55,21.26,91.27,0,2026-08-16T17:37:05.939457
Karachi,24.8607,67.0011,2026-08-18 20:00:00+05:00,2026-08-18,3,70.65,0.0,0.12,32.22,0.56,21.33,92.84,0,2026-08-16T17:37:05.939457
Karachi,24.8607,67.0011,2026-08-18 21:00:00+05:00,2026-08-18,3,70.01,0.0,0.12,31.95,0.57,21.45,94.49,0,2026-08-16T17:37:05.939457
Karachi,24.8607,67.0011,2026-08-18 22:00:00+05:00,2026-08-18,3,69.17,0.0,0.12,31.56,0.59,21.53,95.58,0,2026-08-16T17:37:05.939457
Karachi,24.8607,67.0011,2026-08-18 23:00:00+05:00,2026-08-18,3,68.33,0.0,0.13,31.34,0.6,21.55,95.83,0,2026-08-16T17:37:05.939457
Karachi,24.8607,67.0011,2026-08-19 00:00:00+05:00,2026-08-19,3,67.46,0.0,0.13,31.23,0.61,21.42,95.35,0,2026-08-16T17:37:05.939457
Karachi,24.8607,67.0011,2026-08-19 01:00:00+05:00,2026-08-19,3,66.95,0.0,0.13,31.34,0.61,21.12,94.19,0,2026-08-16T17:37:05.939457
Karachi,24.8607,67.0011,2026-08-19 02:00:00+05:00,2026-08-19,3,66.44,0.0,0.13,31.35,0.62,20.8,92.84,0,2026-08-16T17:37:05.939457
Karachi,24.8607,67.0011,2026-08-19 03:00:00+05:00,2026-08-19,3,66.14,0.0,0.13,31.51,0.61,20.44,91.31,0,2026-08-16T17:37:05.939457
Karachi,24.8607,67.0011,2026-08-19 04:00:00+05:00,2026-08-19,3,66.04,0.0,0.13,31.69,0.6,20.0,89.39,0,2026-08-16T17:37:05.939457
Karachi,24.8607,67.0011,2026-08-19 05:00:00+05:00,2026-08-19,3,66.09,0.0,0.12,32.03,0.58,19.37,86.7,0,2026-08-16T17:37:05.939457
Karachi,24.8607,67.0011,2026-08-19 06:00:00+05:00,2026-08-19,3,66.6,0.0,0.12,32.67,0.55,18.68,83.82,0,2026-08-16T17:37:05.939457
Karachi,24.8607,67.0011,2026-08-19 07:00:00+05:00,2026-08-19,3,67.22,0.0,0.12,33.47,0.54,18.33,82.73,0,2026-08-16T17:37:05.939457
Karachi,24.8607,67.0011,2026-08-19 08:00:00+05:00,2026-08-19,3,67.62,0.01,0.11,34.04,0.54,18.34,83.4,0,2026-08-16T17:37:05.939457
Karachi,24.8607,67.0011,2026-08-19 09:00:00+05:00,2026-08-19,3,67.88,0.01,0.1,34.44,0.54,18.49,84.5,0,2026-08-16T17:37:05.939457
Karachi,24.8607,67.0011,2026-08-19 10:00:00+05:00,2026-08-19,3,67.81,0.02,0.09,34.49,0.55,18.63,85.18,0,2026-08-16T17:37:05.939457
Karachi,24.8607,67.0011,2026-08-19 11:00:00+05:00,2026-08-19,3,67.61,0.02,0.08,34.33,0.56,19.02,86.54,0,2026-08-16T17:37:05.939457
Karachi,24.8607,67.0011,2026-08-19 12:00:00+05:00,2026-08-19,3,67.43,0.02,0.07,34.04,0.57,19.5,88.15,0,2026-08-16T17:37:05.939457
Karachi,24.8607,67.0011,2026-08-19 13:00:00+05:00,2026-08-19,3,67.45,0.02,0.07,33.8,0.57,19.92,89.55,0,2026-08-16T17:37:05.939457
Karachi,24.8607,67.0011,2026-08-19 14:00:00+05:00,2026-08-19,3,67.62,0.02,0.06,33.56,0.56,20.25,90.62,0,2026-08-16T17:37:05.939457
Karachi,24.8607,67.0011,2026-08-19 15:00:00+05:00,2026-08-19,3,67.82,0.01,0.06,33.35,0.56,20.59,91.93,0,2026-08-16T17:37:05.939457
Karachi,24.8607,67.0011,2026-08-19 16:00:00+05:00,2026-08-19,3,67.88,0.01,0.07,33.2,0.56,20.89,93.25,0,2026-08-16T17:37:05.939457
Karachi,24.8607,67.0011,2026-08-19 17:00:00+05:00,2026-08-19,3,67.96,0.01,0.07,33.1,0.56,21.04,94.01,0,2026-08-16T17:37:05.939457
Karachi,24.8607,67.0011,2026-08-19 18:00:00+05:00,2026-08-19,3,68.13,0.01,0.09,33.09,0.57,21.02,94.26,0,2026-08-16T17:37:05.939457
Karachi,24.8607,67.0011,2026-08-19 19:00:00+05:00,2026-08-19,3,68.38,0.0,0.11,32.86,0.58,20.97,94.67,0,2026-08-16T17:37:05.939457
Karachi,24.8607,67.0011,2026-08-19 20:00:00+05:00,2026-08-19,3,68.49,0.0,0.12,32.45,0.59,20.97,95.52,0,2026-08-16T17:37:05.939457
Karachi,24.8607,67.0011,2026-08-19 21:00:00+05:00,2026-08-19,3,68.57,0.0,0.12,32.03,0.6,20.9,96.39,0,2026-08-16T17:37:05.939457
Karachi,24.8607,67.0011,2026-08-19 22:00:00+05:00,2026-08-19,3,68.58,0.0,0.12,31.74,0.6,20.89,97.28,0,2026-08-16T17:37:05.939457
Karachi,24.8607,67.0011,2026-08-19 23:00:00+05:00,2026-08-19,3,68.58,0.0,0.13,31.4,0.61,20.95,98.33,0,2026-08-16T17:37:05.939457
Karachi,24.8607,67.0011,2026-08-20 00:00:00+05:00,2026-08-20,3,68.19,0.0,0.13,30.98,0.62,20.94,98.66,0,2026-08-16T17:37:05.939457
Karachi,24.8607,67.0011,2026-08-20 01:00:00+05:00,2026-08-20,3,67.74,0.0,0.14,30.68,0.62,20.84,98.29,0,2026-08-16T17:37:05.939457
Karachi,24.8607,67.0011,2026-08-20 02:00:00+05:00,2026-08-20,3,67.35,0.0,0.14,30.49,0.62,20.66,97.34,0,2026-08-16T17:37:05.939457
Karachi,24.8607,67.0011,2026-08-20 03:00:00+05:00,2026-08-20,3,67.04,0.0,0.14,30.56,0.62,20.47,95.01,0,2026-08-16T17:37:05.939457
Karachi,24.8607,67.0011,2026-08-20 04:00:00+05:00,2026-08-20,3,66.87,0.0,0.14,30.77,0.61,20.27,92.66,0,2026-08-16T17:37:05.939457
Karachi,24.8607,67.0011,2026-08-20 05:00:00+05:00,2026-08-20,3,66.95,0.0,0.14,31.25,0.61,20.11,91.27,0,2026-08-16T17:37:05.939457
Karachi,24.8607,67.0011,2026-08-20 06:00:00+05:00,2026-08-20,3,67.17,0.0,0.13,31.9,0.6,20.03,91.01,0,2026-08-16T17:37:05.939457
Karachi,24.8607,67.0011,2026-08-20 07:00:00+05:00,2026-08-20,3,67.49,0.0,0.14,32.49,0.59,19.83,89.45,0,2026-08-16T17:37:05.939457
Karachi,24.8607,67.0011,2026-08-20 08:00:00+05:00,2026-08-20,3,67.58,0.01,0.13,33.0,0.59,19.57,86.97,0,2026-08-16T17:37:05.939457
Karachi,24.8607,67.0011,2026-08-20 09:00:00+05:00,2026-08-20,3,67.76,0.01,0.12,33.6,0.58,19.28,85.83,0,2026-08-16T17:37:05.939457
Karachi,24.8607,67.0011,2026-08-20 10:00:00+05:00,2026-08-20,3,67.99,0.02,0.1,34.32,0.57,19.15,86.92,0,2026-08-16T17:37:05.939457
Karachi,24.8607,67.0011,2026-08-20 11:00:00+05:00,2026-08-20,3,68.14,0.02,0.09,34.78,0.57,19.2,88.61,0,2026-08-16T17:37:05.939457
Karachi,24.8607,67.0011,2026-08-20 12:00:00+05:00,2026-08-20,3,68.17,0.02,0.08,35.04,0.57,19.24,89.43,0,2026-08-16T17:37:05.939457
Karachi,24.8607,67.0011,2026-08-20 13:00:00+05:00,2026-08-20,3,68.33,0.02,0.07,35.07,0.56,19.42,90.41,0,2026-08-16T17:37:05.939457
Karachi,24.8607,67.0011,2026-08-20 14:00:00+05:00,2026-08-20,3,68.35,0.02,0.06,34.94,0.55,19.64,91.37,0,2026-08-16T17:37:05.939457
Karachi,24.8607,67.0011,2026-08-20 15:00:00+05:00,2026-08-20,3,68.54,0.01,0.06,34.83,0.55,19.93,92.51,0,2026-08-16T17:37:05.939457
Karachi,24.8607,67.0011,2026-08-20 16:00:00+05:00,2026-08-20,3,68.63,0.01,0.07,34.73,0.56,20.25,93.93,0,2026-08-16T17:37:05.939457
