city,latitude,longitude,datetime,date,temperature,feels_like,temperature_min,temperature_max,pressure,humidity,dew_point,wind_speed,wind_direction,wind_gust,cloudiness,precipitation_probability,rain_3h,visibility,weather_id,weather_main,weather_description,collected_at
Karachi,24.8607,67.0011,2026-08-16 20:00:00+05:00,2026-08-16,27.91,30.37,27.26,27.91,1001,69,21.7,6.71,237,7.66,84,0.0,0.0,10000,803,Clouds,broken clouds,2026-08-16T17:37:06.961287
Karachi,24.8607,67.0011,2026-08-16 23:00:00+05:00,2026-08-16,27.35,30.09,26.91,27.35,1002,76,22.75,7.36,250,8.42,89,0.0,0.0,10000,804,Clouds,overcast clouds,2026-08-16T17:37:06.961287
Karachi,24.8607,67.0011,2026-08-17 02:00:00+05:00,2026-08-17,26.71,29.34,26.71,26.71,1002,83,23.56,7.36,255,8.99,100,0.2,0.15,10000,500,Rain,light rain,2026-08-16T17:37:06.961287
Karachi,24.8607,67.0011,2026-08-17 05:00:00+05:00,2026-08-17,26.82,29.26,26.82,26.82,1001,79,22.88,7.67,261,9.09,99,0.0,0.0,10000,804,Clouds,overcast clouds,2026-08-16T17:37:06.961287
Karachi,24.8607,67.0011,2026-08-17 08:00:00+05:00,2026-08-17,27.52,30.45,27.52,27.52,1002,76,22.79,7.47,262,8.34,85,0.0,0.0,10000,804,Clouds,overcast clouds,2026-08-16T17:37:06.961287
Karachi,24.8607,67.0011,2026-08-17 11:00:00+05:00,2026-08-17,28.62,32.25,28.62,28.62,1003,72,22.91,8.02,242,8.36,83,0.0,0.0,10000,803,Clouds,broken clouds,2026-08-16T17:37:06.961287
Karachi,24.8607,67.0011,2026-08-17 14:00:00+05:00,2026-08-17,29.17,33.1,29.17,29.17,1001,70,22.94,7.96,235,8.23,94,0.0,0.0,10000,804,Clouds,overcast clouds,2026-08-16T17:37:06.961287
Karachi,24.8607,67.0011,2026-08-17 17:00:00+05:00,2026-08-17,28.38,32.21,28.38,28.38,1001,75,23.41,8.39,237,9.01,98,0.0,0.0,10000,804,Clouds,overcast clouds,2026-08-16T17:37:06.961287
Karachi,24.8607,67.0011,2026-08-17 20:00:00+05:00,2026-08-17,27.65,30.85,27.65,27.65,1002,77,23.25,7.78,240,8.89,100,0.0,0.0,10000,804,Clouds,overcast clouds,2026-08-16T17:37:06.961287
Karachi,24.8607,67.0011,2026-08-17 23:00:00+05:00,2026-08-17,27.07,29.8,27.07,27.07,1004,79,23.12,7.32,257,8.67,100,0.2,0.11,10000,500,Rain,light rain,2026-08-16T17:37:06.961287
Karachi,24.8607,67.0011,2026-08-18 02:00:00+05:00,2026-08-18,26.62,26.62,26.62,26.62,1002,83,23.46,7.95,255,9.76,100,0.2,0.12,10000,500,Rain,light rain,2026-08-16T17:37:06.961287
Karachi,24.8607,67.0011,2026-08-18 05:00:00+05:00,2026-08-18,27.44,30.51,27.44,27.44,1002,78,23.13,7.44,258,8.87,100,0.0,0.0,10000,804,Clouds,overcast clouds,2026-08-16T17:37:06.961287
Karachi,24.8607,67.0011,2026-08-18 08:00:00+05:00,2026-08-18,27.67,30.9,27.67,27.67,1004,77,23.24,8.38,256,9.85,100,0.0,0.0,10000,804,Clouds,overcast clouds,2026-08-16T17:37:06.961287
Karachi,24.8607,67.0011,2026-08-18 11:00:00+05:00,2026-08-18,28.78,32.79,28.78,28.78,1004,73,23.36,8.83,252,9.86,100,0.0,0.0,10000,804,Clouds,overcast clouds,2026-08-16T17:37:06.961287
Karachi,24.8607,67.0011,2026-08-18 14:00:00+05:00,2026-08-18,29.14,33.43,29.14,29.14,1003,72,23.32,9.24,248,9.89,81,0.0,0.0,10000,803,Clouds,broken clouds,2026-08-16T17:37:06.961287
Karachi,24.8607,67.0011,2026-08-18 17:00:00+05:00,2026-08-18,28.5,32.49,28.5,28.5,1002,75,23.39,8.83,244,10.16,83,0.0,0.0,10000,803,Clouds,broken clouds,2026-08-16T17:37:06.961287
Karachi,24.8607,67.0011,2026-08-18 20:00:00+05:00,2026-08-18,27.73,31.03,27.73,27.73,1003,77,23.25,9.09,252,10.28,88,0.0,0.0,10000,804,Clouds,overcast clouds,2026-08-16T17:37:06.961287
Karachi,24.8607,67.0011,2026-08-18 23:00:00+05:00,2026-08-18,27.27,30.13,27.27,27.27,1005,78,23.15,8.68,254,10.13,93,0.0,0.0,10000,804,Clouds,overcast clouds,2026-08-16T17:37:06.961287
Karachi,24.8607,67.0011,2026-08-19 02:00:00+05:00,2026-08-19,26.7,29.24,26.7,26.7,1003,82,23.3,9.3,262,11.06,100,0.2,0.11,10000,500,Rain,light rain,2026-08-16T17:37:06.961287
Karachi,24.8607,67.0011,2026-08-19 05:00:00+05:00,2026-08-19,26.6,26.6,26.6,26.6,1003,84,23.63,8.05,261,10.55,96,0.2,0.1,10000,500,Rain,light rain,2026-08-16T17:37:06.961287
Karachi,24.8607,67.0011,2026-08-19 08:00:00+05:00,2026-08-19,27.25,30.3,27.25,27.25,1004,80,23.45,9.21,261,10.84,11,0.0,0.0,10000,801,Clouds,few clouds,2026-08-16T17:37:06.961287
Karachi,24.8607,67.0011,2026-08-19 11:00:00+05:00,2026-08-19,28.67,32.71,28.67,28.67,1005,74,23.29,9.18,255,10.1,40,0.0,0.0,10000,802,Clouds,scattered clouds,2026-08-16T17:37:06.961287
Karachi,24.8607,67.0011,2026-08-19 14:00:00+05:00,2026-08-19,29.21,33.39,29.21,29.21,1003,71,23.29,9.31,251,10.28,69,0.0,0.0,10000,803,Clouds,broken clouds,2026-08-16T17:37:06.961287
Karachi,24.8607,67.0011,2026-08-19 17:00:00+05:00,2026-08-19,28.49,32.64,28.49,28.49,1002,76,23.67,9.3,249,10.27,78,0.0,0.0,10000,803,Clouds,broken clouds,2026-08-16T17:37:06.961287
Karachi,24.8607,67.0011,2026-08-19 20:00:00+05:00,2026-08-19,27.28,30.6,27.28,27.28,1003,82,23.87,8.13,249,9.69,82,0.0,0.0,10000,803,Clouds,broken clouds,2026-08-16T17:37:06.961287
Karachi,24.8607,67.0011,2026-08-19 23:00:00+05:00,2026-08-19,27.11,29.99,27.11,27.11,1004,80,23.35,8.53,256,10.23,89,0.0,0.0,10000,804,Clouds,overcast clouds,2026-08-16T17:37:06.961287
Karachi,24.8607,67.0011,2026-08-20 02:00:00+05:00,2026-08-20,26.73,29.47,26.73,26.73,1003,84,23.64,8.79,256,10.82,99,0.2,0.11,10000,500,Rain,light rain,2026-08-16T17:37:06.961287
Karachi,24.8607,67.0011,2026-08-20 05:00:00+05:00,2026-08-20,27.13,30.13,27.13,27.13,1002,81,23.55,8.51,262,10.43,96,0.2,0.11,10000,500,Rain,light rain,2026-08-16T17:37:06.961287
Karachi,24.8607,67.0011,2026-08-20 08:00:00+05:00,2026-08-20,27.44,30.62,27.44,27.44,1004,79,23.46,8.39,258,9.82,95,0.0,0.0,10000,804,Clouds,overcast clouds,2026-08-16T17:37:06.961287
Karachi,24.8607,67.0011,2026-08-20 11:00:00+05:00,2026-08-20,28.66,32.87,28.66,28.66,1004,75,23.71,9.05,253,10.15,75,0.0,0.0,10000,803,Clouds,broken clouds,2026-08-16T17:37:06.961287
Karachi,24.8607,67.0011,2026-08-20 14:00:00+05:00,2026-08-20,29.01,33.72,29.01,29.01,1002,75,23.92,9.1,249,9.9,63,0.0,0.0,10000,803,Clouds,broken clouds,2026-08-16T17:37:06.961287
Karachi,24.8607,67.0011,2026-08-20 17:00:00+05:00,2026-08-20,28.39,32.74,28.39,28.39,1001,78,24.12,8.66,246,9.8,58,0.0,0.0,10000,803,Clouds,broken clouds,2026-08-16T17:37:06.961287
Karachi,24.8607,67.0011,2026-08-20 20:00:00+05:00,2026-08-20,27.6,31.12,27.6,27.6,1002,80,23.9,7.77,239,9.09,80,0.0,0.0,10000,803,Clouds,broken clouds,2026-08-16T17:37:06.961287
Karachi,24.8607,67.0011,2026-08-20 23:00:00+05:00,2026-08-20,27.14,30.37,27.14,27.14,1003,83,23.9,7.95,254,9.91,90,0.2,0.14,10000,500,Rain,light rain,2026-08-16T17:37:06.961287
Karachi,24.8607,67.0011,2026-08-21 02:00:00+05:00,2026-08-21,27.15,30.28,27.15,27.15,1002,82,23.68,7.75,259,9.36,82,0.0,0.0,10000,803,Clouds,broken clouds,2026-08-16T17:37:06.961287
Karachi,24.8607,67.0011,2026-08-21 05:00:00+05:00,2026-08-21,26.98,29.79,26.98,26.98,1001,81,23.36,8.16,256,9.87,91,0.0,0.0,10000,804,Clouds,overcast clouds,2026-08-16T17:37:06.961287
Karachi,24.8607,67.0011,2026-08-21 08:00:00+05:00,2026-08-21,27.48,30.72,27.48,27.48,1003,79,23.45,7.83,255,9.27,100,0.0,0.0,10000,804,Clouds,overcast clouds,2026-08-16T17:37:06.961287
Karachi,24.8607,67.0011,2026-08-21 11:00:00+05:00,2026-08-21,27.89,31.68,27.89,27.89,1003,79,23.87,8.43,255,9.62,100,0.0,0.0,10000,804,Clouds,overcast clouds,2026-08-16T17:37:06.961287
Karachi,24.8607,67.0011,2026-08-21 14:00:00+05:00,2026-08-21,29.24,34.08,29.24,29.24,1001,74,23.89,8.24,248,9.22,64,0.0,0.0,10000,803,Clouds,broken clouds,2026-08-16T17:37:06.961287
Karachi,24.8607,67.0011,2026-08-21 17:00:00+05:00,2026-08-21,28.31,32.89,28.31,28.31,1000,80,24.25,8.32,237,9.59,43,0.0,0.0,10000,802,Clouds,scattered clouds,2026-08-16T17:37:06.961287
